"","o","case","PRODUCT","TQ","NUMB_C","NUMB_CN","NUMB_FR","NUMB_CM","NUMB_AV","NUMB_RC","DENS_CCN","DENS_CNFR","DENS_FRCM","DENS_CMAV","DENS_AVRC","DENS_PFR","UCC","Q","var_pcb","pcb","PCB","pcf","fci"
"1",1,9,1,100,3,5,11,9,12,12,0.6,0.272727272727273,0.191919191919192,0.194444444444444,0.173611111111111,0.606060606060606,0,65000,3.258,5.56569230769231,361770,7.32663329839093,0.759652091352059
"2",1,9,2,100,3,5,11,9,12,12,0.6,0.272727272727273,0.191919191919192,0.194444444444444,0.173611111111111,0.606060606060606,0,35000,3.201,7.48671428571429,262035,6.50850487649203,1.15029710014591
"3",1,9,3,100,3,5,11,9,12,12,0.6,0.272727272727273,0.191919191919192,0.194444444444444,0.173611111111111,0.606060606060606,0,20000,3.923,8.923,178460,4.9118082463684,1.81664257895192
